epoch,train_loss,valid_loss,mod_dice_multi,time
0,0.09398331493139267,0.0744980201125145,0.37815126224628304,11:18
1,0.022586271166801453,0.02430395409464836,0.24859225626421044,11:13
2,0.02060304768383503,0.019583571702241898,0.29723887542122396,11:13
3,0.01779666543006897,0.020601432770490646,0.047266362978417506,11:13
4,0.018378866836428642,0.019188012927770615,0.07862834126260126,11:13
