epoch,train_loss,valid_loss,mod_dice_multi,kaggle_dice,time
0,0.031000634655356407,0.025131788104772568,0.14739120288871457,0.2909935052358,16:07
1,0.035696279257535934,0.02529270388185978,0.16710577686995035,0.29346381066514693,16:05
