epoch,train_loss,valid_loss,mod_dice_multi,kaggle_dice,time
0,0.06110333278775215,0.04787011817097664,0.1573630734514103,0.16323574723581116,15:35
1,0.04137181490659714,0.034874189645051956,0.15661418651038064,0.21677262372454897,15:37
2,0.033653613179922104,0.02767328917980194,0.16638369494999403,0.28983524036328046,15:36
3,0.031238140538334846,0.02687210962176323,0.15686481724142284,0.2897530980430161,15:37
4,0.03327943757176399,0.02698531188070774,0.151454209748123,0.2911026240693791,15:35
5,0.03220159932971001,0.02680530771613121,0.15266123680832047,0.29180900713261454,15:35
